{
    "accuracy": 0.9309718437783833,
    "precision": 0.8225806451612904,
    "recall": 0.6538461538461539
}
