{
    "accuracy": 0.9473206176203451,
    "precision": 0.8828125,
    "recall": 0.7243589743589743
}
