{
    "accuracy": 0.9400544959128065,
    "precision": 0.8629032258064516,
    "recall": 0.6858974358974359
}
